<?xml version="1.0" encoding="UTF-8" standalone="yes"?>
	<addon id="plugin.video.phimpt" version="1.0.0" name="[COLOR red][B]PhimPT[/B][/COLOR]" provider-name="Phong Tran">
		<requires>
			<import addon="xbmc.python" version="2.1.0"/>
		</requires>
		<extension point="xbmc.python.pluginsource" library="default.py">
			<provides>video</provides>
		</extension>
		<extension point="xbmc.addon.metadata">
			<summary>PhimPT</summary>
			<description>PhimPT</description>
			<platform>all</platform>
		<language>en</language>
		<license>GNU General Public License - v2</license>
		<source>https://github.com/ptran0606/plugin.video.phimpt</source>
		<email>ptran0606@gmail.com</email>
		</extension>
	</addon>